path,task,dataset,artifact_type,bytes,sha256
graph/tu_cox2/ecc_predictor.pt,graph,tu_cox2,torch_artifact,116050,c1173c0770caf72e4daa9eab436aec9bda70bec3b63bca9771cddce9b0b42e23
graph/tu_cox2/model_graph.pt,graph,tu_cox2,torch_artifact,656432,d474dc399463533d3b692e268df6c18cf3abe6b5c1e2b732f4869e71eb2ad4f8
graph/tu_cox2/TU_COX2.db,graph,tu_cox2,sqlite_database,188416,0c45bbfcbed454a4409400cde205d03d8e70f0e5c25c9a2b8dce17311ced81f7
graph/tu_dd/ecc_predictor.pt,graph,tu_dd,torch_artifact,113938,4d3a4b4a6cd5c029b6b271ec384735977c2deb50da86dfd08a392e5ba594cb68
graph/tu_dd/model_graph.pt,graph,tu_dd,torch_artifact,656432,5fee3562e81d1ed273099c4859d9b5fd0bf007342c7a78670d34a0991dfaf39f
graph/tu_dd/TU_DD.db,graph,tu_dd,sqlite_database,188416,13363f0fc7220673a68a44f917d6b6679a7aa9014aa663dde1ec532ed4012dfa
graph/tu_imdb-binary/ecc_predictor.pt,graph,tu_imdb-binary,torch_artifact,113938,e6cefbd0af1ecd591c2a1f71895208cdac8fa9d2b82bac008af75179248a9e3e
graph/tu_imdb-binary/model_graph.pt,graph,tu_imdb-binary,torch_artifact,656432,42e4d754e374e5e2c30b03317b65cf40de0a824224bb5a483e52d4ad17f7c06a
graph/tu_imdb-binary/TU_IMDB-BINARY.db,graph,tu_imdb-binary,sqlite_database,188416,913c0a11bbb04e8ecc5a9c44dd1466157ec5a7e85fc46e880ae60d89460fbf05
graph/tu_imdb-multi/ecc_predictor.pt,graph,tu_imdb-multi,torch_artifact,113938,0657802de1fd7019012bfd9dd71e44131d76e5f164af5dce8b9f3c598aa221e6
graph/tu_imdb-multi/model_graph.pt,graph,tu_imdb-multi,torch_artifact,656432,df4be89278abbefcba09cd995018368d1a6a66de5f1857121ce8069330f098a6
graph/tu_imdb-multi/TU_IMDB-MULTI.db,graph,tu_imdb-multi,sqlite_database,192512,c0863355de03f29c499801140691dfd9b60bd7ab386eee7ee5bcd7d737fdbc3e
graph/tu_nci1/ecc_predictor.pt,graph,tu_nci1,torch_artifact,113938,3dbdef4ed5fdce01083df52f1a8ea9b5504146f2759f5a9f042ecf61e9454327
graph/tu_nci1/model_graph.pt,graph,tu_nci1,torch_artifact,656432,059895dfc7b495a0463b18b198b41772320bd23e4f34de6c9774f1beb63fe783
graph/tu_nci1/TU_NCI1.db,graph,tu_nci1,sqlite_database,192512,b099c13b7a33dd5c44bbf83aa7618fcea1c145beb4f0ec7a8eb8b5850604761e
graph/tu_nci109/ecc_predictor.pt,graph,tu_nci109,torch_artifact,113938,afa601940a1fdf6be878309f0b890c7ccbd299ca3496ed06e470f600f2bfc4c0
graph/tu_nci109/model_graph.pt,graph,tu_nci109,torch_artifact,656432,92fd0e159e4bccf79277bcfaf74b973497ace0705b6f6db54d782d9b4c4d5ef3
graph/tu_nci109/TU_NCI109.db,graph,tu_nci109,sqlite_database,192512,082ae029cf86d10b435bf25c41ad203a82666d161a66c96b5d9e55fd25ff6df8
graph/tu_proteins/ecc_predictor.pt,graph,tu_proteins,torch_artifact,113938,248510f675e73ce51a6ac8ed30427263b4bcee956cc02976b7f2c5ba7fd0c7e6
graph/tu_proteins/model_graph.pt,graph,tu_proteins,torch_artifact,656432,12e1eabd40144166696db49f82c30b1f9830d105fb7873a763195fe28a4f4e2e
graph/tu_proteins/TU_PROTEINS.db,graph,tu_proteins,sqlite_database,188416,79a8f5e297946ee7fbb19ff26271a15d713cb69ab6dab501753677f6b1ed9c8e
graph/tu_ptc_fm/ecc_predictor.pt,graph,tu_ptc_fm,torch_artifact,113938,5036cceb2af810af228b7f1ce7e4a76bda9c0967657af9fa21378ff42ca97e65
graph/tu_ptc_fm/model_graph.pt,graph,tu_ptc_fm,torch_artifact,656432,384c5a316fcf443af10605126584c60626db93d1ed04082ee6641faf56d4a6a7
graph/tu_ptc_fm/TU_PTC_FM.db,graph,tu_ptc_fm,sqlite_database,188416,8dc76a694a5680540907faa734a92a1c28951a5e4e207cf5235787ef93eeeb3b
graph/tu_ptc_fr/ecc_predictor.pt,graph,tu_ptc_fr,torch_artifact,113938,87a7fb03fc229a378957000a00a693fe5016fc6695e43a670fb65387a750427c
graph/tu_ptc_fr/model_graph.pt,graph,tu_ptc_fr,torch_artifact,656432,19347cc4181e8a2031c05cf2a70dfba7bbe4fd30795362790123e2a9e1d0b3e3
graph/tu_ptc_fr/TU_PTC_FR.db,graph,tu_ptc_fr,sqlite_database,188416,6ded68ca035b9711946eb6396bcd7b1c507d5625f17c8926e537e842a68b8008
graph/tu_ptc_mm/ecc_predictor.pt,graph,tu_ptc_mm,torch_artifact,113938,43e3b4e5ce6ac1eb60880e774fd0dc5c8c5d3c0af0c5c5dd93cfd36c2a418aea
graph/tu_ptc_mm/model_graph.pt,graph,tu_ptc_mm,torch_artifact,656432,16809a9f1dc51ce7e7c60283829658e3e7c875719792a7a6b377344f1eccb1a8
graph/tu_ptc_mm/TU_PTC_MM.db,graph,tu_ptc_mm,sqlite_database,188416,bc957c661ce047fde37ff69845860729a95f631441838d6c45c9adc14cd05f76
graph/tu_ptc_mr/ecc_predictor.pt,graph,tu_ptc_mr,torch_artifact,113938,cec2f179a30635fd9516a96c34bed50d685271c0a278d5ba39ccdd9a8b355738
graph/tu_ptc_mr/model_graph.pt,graph,tu_ptc_mr,torch_artifact,656432,0868ee5e6ce2c5820e6393f9ab41cf3b39edf2178ab27509c58267f24a7ff35e
graph/tu_ptc_mr/TU_PTC_MR.db,graph,tu_ptc_mr,sqlite_database,188416,6db8a0f033ebf447390a4bb13623dc5ae6406bebea39557927ebfd58f6ba0d98
link/actor/Actor.db,link,actor,sqlite_database,208896,c621da43922ffd1c9068ce60c9e1da798e5bc0f2e9742ab0422043cd1f25a78e
link/actor/ecc_predictor.pt,link,actor,torch_artifact,116050,94748f2f77afdd810ca9d7a2b0d3f920121162621d56461e664c43d703e0610d
link/actor/model_graph.pt,link,actor,torch_artifact,656432,d7d1971439e538ac5346623a7fe397e00f90a3909ecb16b950bba17042d3a9eb
link/amazoncomputers/AmazonComputers.db,link,amazoncomputers,sqlite_database,208896,a210357a85f5ba74005f359bde38a63e3d9970df428a61b242c759873c4a88c8
link/amazoncomputers/ecc_predictor.pt,link,amazoncomputers,torch_artifact,113938,842287e7a2a2442e6233bab6c71982bce9e803fe04712a2cd3e7789da22d77c8
link/amazoncomputers/model_graph.pt,link,amazoncomputers,torch_artifact,656432,b5098ebaed173f666aa1d6fd03414b646aea9b404bc8b9c7e6d0d7e250e66552
link/amazonphoto/AmazonPhoto.db,link,amazonphoto,sqlite_database,208896,4146e1c4312817ac66663afcafb7a984e5dd637925afd46ab2f2692c6b4d722a
link/amazonphoto/ecc_predictor.pt,link,amazonphoto,torch_artifact,113938,d255a1c6feda105f82922eeb109387ad8b65a435f0e8307f4b8f78111155d46f
link/amazonphoto/model_graph.pt,link,amazonphoto,torch_artifact,656432,e0e113da3f8f40ac149c645c88f3beb00429cc010385a3fd9992d780b3dfd0c2
link/citeseer/CiteSeer.db,link,citeseer,sqlite_database,208896,28b3740c2930e5302f811e309512b6af38f071244c7ab007736b82cd76af0918
link/citeseer/ecc_predictor.pt,link,citeseer,torch_artifact,113938,3915ec09a20366bcc4bb414bade2dcc4d1aba9836f66fc10e4a9b0b8108d88cd
link/citeseer/model_graph.pt,link,citeseer,torch_artifact,656432,074b670682832f69bf5e74a0e2f73d6225e4d41bb8ab2f6876625013aada928a
link/coauthorcs/CoauthorCS.db,link,coauthorcs,sqlite_database,208896,df198e34626e63621a472e5b2f368f0a5fbc220991d57259ab25ff35edb4e3eb
link/coauthorcs/ecc_predictor.pt,link,coauthorcs,torch_artifact,113938,1687ec95c356a4a14127c5a7e86470869598178db0e15e5f89d9b5c424eea589
link/coauthorcs/model_graph.pt,link,coauthorcs,torch_artifact,656432,d9ee95e6445791242fd3c6d5cf0ec134e8da7c53fd288ab75d9be7ec0c7fc872
link/cora/Cora.db,link,cora,sqlite_database,208896,67635cbbfb9982d18d58047e3163871d6e9c160585ac65d467fa687dc65c7f20
link/cora/ecc_predictor.pt,link,cora,torch_artifact,113938,84f942aabc7da851ee3cddb6e3da5f9861340187a52c17715dcf3a41a9d6dc24
link/cora/model_graph.pt,link,cora,torch_artifact,656432,ca29dc6d279e0ccd8b72795917f4278f5056312657a519269efbc9a5b57a9c69
link/cornell/Cornell.db,link,cornell,sqlite_database,208896,282e930aae95ab2d721de89d8a9585d925452ffc35f3dde0645a13362b7d91c6
link/cornell/ecc_predictor.pt,link,cornell,torch_artifact,113938,1803025f413ab8b8e9c032ea28efdd7cdd85a67a60ff835dbc2212f98d292b98
link/cornell/model_graph.pt,link,cornell,torch_artifact,656432,8b3848dec8bc2942abc484d8ef1e6f427611008b9c160469e1fea79fd3522951
link/dblp/DBLP.db,link,dblp,sqlite_database,208896,937604d929fd06bbcad1392591582dd75ccd046eb9ae9ab26c4dc34e22e3e100
link/dblp/ecc_predictor.pt,link,dblp,torch_artifact,113938,f7253744c8fc3303b9687403320a83d366ef9da79be1b35f1c458ba6064a8d32
link/dblp/model_graph.pt,link,dblp,torch_artifact,656432,7c205248a54e996a175bc0bbe1dcd8f86cfbbb5fb52d51162b3f8c2d44d62cd8
link/pubmed/ecc_predictor.pt,link,pubmed,torch_artifact,113938,398c47973a5433513fc117c95bc162bb2c4be7255e2a69208ca82e89fc55e481
link/pubmed/model_graph.pt,link,pubmed,torch_artifact,656432,8581e6246504c8e83ce09e8ef26e5cbd22a61c78368c7f430a88c2cceef39f4a
link/pubmed/PubMed.db,link,pubmed,sqlite_database,208896,4bf755de541e5e27097ccf3b4089afdbc42c3c13f2f7d08afa54e6495c9b36b1
link/texas/ecc_predictor.pt,link,texas,torch_artifact,113938,ba2a5022d8cb33b5b0ef74a11323d8e063991f3bcb9f2a3ba17c2667b16af7d6
link/texas/model_graph.pt,link,texas,torch_artifact,656432,9de07a62184bd3d1aba688da2bc5d24691fc8bc232e772479269f7b14058b689
link/texas/Texas.db,link,texas,sqlite_database,208896,71183b60790c5b5572a69ccdffd5607b79d9ca32176c29f370d47b202707d5bc
link/wisconsin/ecc_predictor.pt,link,wisconsin,torch_artifact,113938,625b56af9f32d506b092c6b7c9e451ba392976221b516a4ada8f111146e6219e
link/wisconsin/model_graph.pt,link,wisconsin,torch_artifact,656432,ed41f81dfb7663eab64a85956d934c6eeaeb4e4d80e145f2c74ed660e8a1d893
link/wisconsin/Wisconsin.db,link,wisconsin,sqlite_database,208896,d532964f8e8dcad492f953e480e1a3ac036b83bc633c6032d3f805e80dd41da9
node/actor/Actor.db,node,actor,sqlite_database,380928,8bf1fa0807db81d62fa657e84279547226f0123cce3447d9c1b18bdac3fbe1c7
node/actor/ecc_predictor.pt,node,actor,torch_artifact,113938,e6b12d92be26aab3b075ab86f3d74a941c1fbafea53ddfae0d55d2d1d1115e8a
node/actor/model_graph.pt,node,actor,torch_artifact,1206192,1c7f0d0b329c62f9dd25a805d2c0c70d51bb82ef156e4ff65763dd43be17b3e9
node/amazoncomputers/AmazonComputers.db,node,amazoncomputers,sqlite_database,380928,b158cae3e15002b69d9912c74244399a4d5d6cd91e452f41f87b65ee2d9523ba
node/amazoncomputers/ecc_predictor.pt,node,amazoncomputers,torch_artifact,113938,5c3ba9c9ef8f322bcbce2db3585bb1bd256ec5efcceafe57042a65584d79ff40
node/amazoncomputers/model_graph.pt,node,amazoncomputers,torch_artifact,1206192,a5b30aaf8fc224870dd9b9b2cb2927228d6e7c5f4119c9c9c4cb633289ec5b21
node/amazonphoto/AmazonPhoto.db,node,amazonphoto,sqlite_database,380928,6fd2b6d336fd0a05f1ae81cc0dec5e52e2f423e62d8e5b6499018e37aaf8d028
node/amazonphoto/ecc_predictor.pt,node,amazonphoto,torch_artifact,113938,06c66e0a296ec5c78ab0442853f6f5e613f84cd9fd9a6fff0a3e2d83bcbf3cc9
node/amazonphoto/model_graph.pt,node,amazonphoto,torch_artifact,1206192,e6c34f251e7736dae5675ecac34e6cf93f6a879f44219e850d7fb4d4c77f11a7
node/citeseer/CiteSeer.db,node,citeseer,sqlite_database,380928,3932a76d9601c53346de72a7710a473d14e6d08176f0af2d6f6e4c9f871fda31
node/citeseer/ecc_predictor.pt,node,citeseer,torch_artifact,113938,9cd616ecf7ec3d827d2933ca209ffda26989710e81a5ff268d19e8e29e0781fc
node/citeseer/model_graph.pt,node,citeseer,torch_artifact,1206192,06e1df25999e1ec009eb5c652a2a43b8d409b1d4cb7e5072e28551d53bdc556e
node/coauthorcs/CoauthorCS.db,node,coauthorcs,sqlite_database,380928,0bd1dc1e34e9123227270261dc9bdc6c4f979c92ce6d9d26b550f15bbfe52a15
node/coauthorcs/ecc_predictor.pt,node,coauthorcs,torch_artifact,113938,bf6583aa793f04e10cb5323a126d7b17335d9054d349eccf75313dbbd97819c4
node/coauthorcs/model_graph.pt,node,coauthorcs,torch_artifact,1206192,f6c212241e6591c9ed8c3d93d0e552926492184fcc3426a090d251b3dd363f0a
node/cora/Cora.db,node,cora,sqlite_database,380928,643e3b81e914e96ca71976b81d9f285518c23bdb5147e08c12ec3d6b89db367b
node/cora/ecc_predictor.pt,node,cora,torch_artifact,113938,64538b97e048b3424143bee487554525d816bdb0f146c935fb5f8fb55fe5379a
node/cora/model_graph.pt,node,cora,torch_artifact,1206192,61e4c98c8cb9761a8049ece8b973592f7a7a18373476d5df58bb404929328c6c
node/cornell/Cornell.db,node,cornell,sqlite_database,380928,e74178e00a8429f1c9b3c23a1fa3a03fed66a5b00ae4fd0c555a469b2745d444
node/cornell/ecc_predictor.pt,node,cornell,torch_artifact,113938,c15dfaf4f11d3dbbd1602655de6c9cd9b0a80a4e6d4a9d2947e048fd14b7030a
node/cornell/model_graph.pt,node,cornell,torch_artifact,1206192,e28434c89f115077ee2a359c18aa1576a3e63e4ccb601e04ba2e8e6d64e0d693
node/dblp/DBLP.db,node,dblp,sqlite_database,380928,ec9350323b51bad87543bacfd42ae2aa6c7b90edce88f3494400f152f5f7d5eb
node/dblp/ecc_predictor.pt,node,dblp,torch_artifact,113938,7f7ba3a2a8840ce63eaa406b91e5a9a1da767c3781f6802856c87ee57aae3537
node/dblp/model_graph.pt,node,dblp,torch_artifact,1206192,7517b0a51b216ece6cc5fee8b30341262f11bcfaac5a86059904d38b542116ff
node/pubmed/ecc_predictor.pt,node,pubmed,torch_artifact,113938,2f1ea1e82fca77389195720a96c057d3f9b1ba61d10db0455a107f41e77032ae
node/pubmed/model_graph.pt,node,pubmed,torch_artifact,1206192,b02feddb76743a8efd08d6fdf5a0dfd9fbfaa622fd7dedac3a294e1e1e4b8def
node/pubmed/PubMed.db,node,pubmed,sqlite_database,380928,c78a0ce54edcf35330f929a2c783738d17a15213b13e489db7b83d9369ac3c1b
node/texas/ecc_predictor.pt,node,texas,torch_artifact,113938,9622f7cf051f636ba20bfc676727878651bd42a243648a8dc7367dbab9440693
node/texas/model_graph.pt,node,texas,torch_artifact,1206192,1ab888e6111384c28436affb6d11d98aed3710862668b281a3abd654cf6c70db
node/texas/Texas.db,node,texas,sqlite_database,380928,85492ed36d3ccea452480f8e3a62ba74f66f4eb98aef65949d14b0329eb28118
node/wisconsin/ecc_predictor.pt,node,wisconsin,torch_artifact,113938,d1ef278dbf88daa8b5a58d82b9130c37c2990e03e9e1d1ff7055519d1635e63b
node/wisconsin/model_graph.pt,node,wisconsin,torch_artifact,1206192,9a0d832a1c166279b0239bd005bc33d48bf570a88896ccac115264519208b800
node/wisconsin/Wisconsin.db,node,wisconsin,sqlite_database,380928,4b7afd256717e0495ae70d75abfbc97a9746a4445a8d3100b55d0054b0003deb
